{
    "preset": "laravel",
    "rules": {
        "class_attributes_separation": {
            "elements": {
                "const": "only_if_meta",
                "trait_import": "one"
            }
        },
        "class_definition" : {
            "single_line": false
        },
        "concat_space": {
            "spacing": "one"
        },
        "method_chaining_indentation": false,
        "no_superfluous_phpdoc_tags": false,
        "not_operator_with_successor_space": false,
        "ordered_imports": {
            "sort_algorithm": "length"
        },
        "ordered_interfaces": false,
        "ordered_traits": false,
        "phpdoc_align": {
            "align": "left"
        },
        "phpdoc_separation": true,
        "phpdoc_summary": true,
        "single_quote": false,
        "ternary_to_null_coalescing": true
    }
}
